site,OK_count,LOW_count,MISSING_count,OK_pct,LOW_pct,MISSING_pct
125,2326,1884,791,0.46510697860427913,0.3767246550689862,0.15816836632673464
126,2215,1992,794,0.4429114177164567,0.39832033593281346,0.15876824635072986
129,1836,2362,803,0.367126574685063,0.47230553889222154,0.16056788642271547
168,1171,2871,959,0.23415316936612676,0.5740851829634073,0.1917616476704659
239,2086,1970,945,0.41711657668466307,0.39392121575684863,0.1889622075584883
